student_id,attendance,study_hours,previous_marks,assignment_marks,internal_marks,performance
STU001,92,6,88,90,87,High
STU002,85,5,78,82,80,High
STU003,78,4,72,75,70,Medium
STU004,70,3,65,68,64,Medium
STU005,60,2,55,58,52,Low
STU006,95,7,92,94,91,High
STU007,88,5,84,86,83,High
STU008,75,3,68,70,65,Medium
STU009,65,2,58,60,55,Low
STU010,55,1,48,52,45,Low
STU011,90,6,86,88,85,High
STU012,82,4,76,79,74,Medium
STU013,72,3,62,66,60,Medium
STU014,62,2,54,57,50,Low
STU015,96,7,94,95,93,High
STU016,87,5,81,84,80,High
STU017,77,4,70,73,68,Medium
STU018,68,2,60,62,56,Low
STU019,58,1,50,54,48,Low
STU020,91,6,89,91,88,High
STU021,83,5,77,81,76,Medium
STU022,74,3,67,69,64,Medium
STU023,64,2,56,59,53,Low
STU024,94,7,90,93,89,High
STU025,86,5,82,85,81,High
STU026,79,4,73,76,71,Medium
STU027,69,3,61,64,58,Low
STU028,57,1,49,51,46,Low
STU029,93,6,87,90,86,High
STU030,81,4,75,78,73,Medium